id,name,area,address,cuisine,official_url,private_room_evidence,published_budget,coordinate_status,openpoi_candidate_match,operating_status,verified_on
nagoya-asada,名古屋浅田,名古屋駅,愛知県名古屋市中村区名駅1-1-4 JRセントラルタワーズ・タワーズプラザ12階,日本料理・加賀料理,https://asadayaihei.co.jp/nagoya/,掘り炬燵式お座敷 horigotatsu_private; 掘り炬燵式お座敷 horigotatsu_private; 掘り炬燵式お座敷 horigotatsu_private; 掘り炬燵式お座敷 horigotatsu_private; 畳床・角テーブル tatami_chair_private; 畳床・丸テーブル tatami_chair_private,"夕食会席 16,500〜45,100円（税込・サービス料15%別、平日席料別）",unknown,False,current_official_listing,2026-10-05
kagaya-nagoya,日本料理 加賀屋 名古屋店,名古屋駅,愛知県名古屋市中村区名駅1-1-4 JRセントラルタワーズ13階レストラン街,日本料理・会席,https://www.kagaya.co.jp/shoku/shop/nagoya.php,個室8室 private_unspecified,要確認,unverified_provider_coordinates,True,current_official_listing,2026-10-05
meieki-nadaman-saryo,名駅 なだ万茶寮,名古屋駅,愛知県名古屋市中村区名駅1-1-4 JRセントラルタワーズ13階,日本料理・懐石,https://www.nadaman.co.jp/pages/restaurant_meieki_access,個室A private_unspecified; 個室D table_chair_private; 個室E table_chair_private,"掲載個室料理：平日 茶寮膳7,260円／土日祝 ミニ懐石8,470円（税サ込、個室料別）",unverified_provider_coordinates,True,current_official_listing,2026-10-05
kuretake-nagoya-kanko,日本料理 呉竹,伏見,愛知県名古屋市中区錦1-19-30 名古屋観光ホテル2階,日本料理・会席,https://www.nagoyakankohotel.co.jp/restaurant_bars/kuretake/,個室 private_unspecified; 個室 private_unspecified,"個室プラン：夜会席15,000円〜、室料3,000円〜",unknown,False,current_official_listing,2026-10-05
ryujo-nagoya-kanko,中国料理 柳城,伏見,愛知県名古屋市中区錦1-19-30 名古屋観光ホテル1階,中国料理・広東料理,https://www.nagoyakankohotel.co.jp/restaurant_bars/ryujo/,個室 private_unspecified; 個室 private_unspecified; 個室 private_unspecified,"個室プラン：ディナー12,500円〜、室料2,000円〜",unknown,False,current_official_listing,2026-10-05
genji-hilton-nagoya,日本料理「源氏」会席コーナー,伏見,愛知県名古屋市中区栄1-3-3 ヒルトン名古屋3階,日本料理・会席,https://nagoya.hiltonjapan.co.jp/restaurants/genji_kaiseki,雅 private_unspecified; 桐楓 private_unspecified; 葵・桐・楓 horigotatsu_private; 桐・楓 tatami_private,要確認,unverified_provider_coordinates,True,temporarily_unavailable,2026-10-05
ouchou-hilton-nagoya,中国料理「王朝」,伏見,愛知県名古屋市中区栄1-3-3 ヒルトン名古屋3階,中国料理・モダンチャイニーズ,https://nagoya.hiltonjapan.co.jp/restaurants/ouchou,唐 private_unspecified; 漢 private_unspecified; 宋 private_unspecified; 明 private_unspecified; 半個室 semi_private; 明宋 connected_private,要確認,unknown,False,temporarily_unavailable,2026-10-05
nagoya-nadaman,名古屋 なだ万,栄,愛知県名古屋市中区栄4-6-8 名古屋東急ホテル2階,日本料理・懐石,https://www.nadaman.co.jp/pages/restaurant_nagoya_access,桜の間 table_chair_private; 小個室 movable_partition_private; 中個室 movable_partition_private; 大型個室 table_chair_private,要確認,unverified_provider_coordinates,True,current_official_listing,2026-10-05
nangokusyuka-nagoya,南国酒家 名古屋店,栄,愛知県名古屋市中区栄4-6-8 名古屋東急ホテル2階,中国料理・広東料理,https://nangokusyuka.co.jp/store/nagoya.html,禄 private_unspecified; 寿 private_unspecified; 龍 private_unspecified; 福 private_unspecified; 貴賓 private_unspecified; 鳳凰 private_unspecified; 鳳凰＆福 connected_private,"ディナーコース8,500〜20,000円（税・サービス料13%込）、個室料別",unverified_provider_coordinates,True,published_closed_dates,2026-10-05
kyoto-kitcho-nagoya,京都 吉兆 名古屋店,名古屋駅,愛知県名古屋市中村区名駅4-7-1 ミッドランドスクエア41階,日本料理・懐石,https://kyoto-kitcho.com/restaurant/nagoya/room/,洋個室 western_style_private; 座敷個室 tatami_private,"個室懐石25,300〜66,000円（税サ込、席種・コースにより異なる）",unknown,False,current_official_listing,2026-10-05
